zvrst,knjiga
youngadult,1
fiction,1
dystopia,1
fantasy,1
sciencefiction,1
fantasy,2
youngadult,2
fiction,2
classics,3
historicalfiction,3
school,3
classics,4
fiction,4
romance,4
youngadult,5
fantasy,5
vampires,5
fiction,5
paranormal,5
historicalfiction,6
fiction,6
youngadult,6
fantasy,7
classics,7
fiction,7
youngadult,7
childrens,7
fiction,8
classics,8
dystopia,8
fantasy,8
literature,8
school,8
classics,9
historicalfiction,9
fiction,9
romance,9
historical,9
fiction,10
fantasy,10
classics,10
sciencefictionfantasy,10
adventure,10
epicfantasy,10
youngadult,11
fiction,11
romance,11
contemporary,11
realisticfiction,11
teen,11
comingofage,11
death,11
drama,11
love,11
sciencefiction,12
fiction,12
humor,12
fantasy,12
classics,12
childrens,13
picturebooks,13
classics,13
fiction,13
classics,14
fiction,14
romance,14
literature,14
fiction,15
mystery,15
thriller,15
suspense,15
fiction,16
historicalfiction,16
romance,16
historical,16
japan,16
classics,16
classics,17
fantasy,17
fiction,17
childrens,17
fiction,18
historicalfiction,18
classics,18
literature,18
france,18
historical,18
novels,18
frenchliterature,18
romance,18
classicliterature,18
classics,19
fiction,19
horror,19
fantasy,19
youngadult,20
dystopia,20
fiction,20
fantasy,20
sciencefiction,20
classics,21
plays,21
fiction,21
romance,21
school,21
literature,22
gothic,22
historical,22
19thcentury,22
novels,22
classics,23
fiction,23
youngadult,23
school,23
literature,23
fiction,24
classics,24
fantasy,24
philosophy,24
novels,24
spirituality,24
inspirational,24
literature,24
adventure,24
contemporary,24
classics,25
fiction,25
russia,25
literature,25
russianliterature,25
sciencefiction,26
fiction,26
youngadult,26
fantasy,26
youngadult,27
paranormal,27
romance,27
urbanfantasy,27
fiction,27
youngadult,28
fiction,28
contemporary,28
fiction,29
historicalfiction,29
historical,29
adult,29
adultfiction,29
fiction,30
romance,30
fantasy,30
timetravel,30
sciencefiction,30
classics,31
childrens,31
fiction,31
classics,32
fiction,32
youngadult,32
childrens,32
historicalfiction,32
classics,33
fiction,33
literature,33
school,33
historicalfiction,33
classics,34
fiction,34
school,34
literature,34
historicalfiction,34
literature,35
19thcentury,35
novels,35
audiobook,35
classics,36
fiction,36
sciencefiction,36
dystopia,36
literature,36
novels,36
school,36
fantasy,36
sciencefictionfantasy,36
philosophy,36
fiction,37
classics,37
magicalrealism,37
literature,37
novels,37
fantasy,37
sciencefictionfantasy,38
youngadult,38
fantasy,38
childrens,39
classics,39
france,39
youngadult,39
classics,40
fiction,40
childrens,40
youngadult,40
fiction,41
historicalfiction,41
contemporary,41
fantasy,42
youngadult,42
fiction,42
classics,42
sciencefiction,42
childrens,42
classics,43
fiction,43
youngadult,43
literature,43
classics,44
fiction,44
historicalfiction,44
literature,44
youngadult,44
adventure,44
classics,45
sciencefiction,45
dystopia,45
literature,45
fiction,46
mystery,46
youngadult,46
contemporary,46
fantasy,46
childrens,47
picturebooks,47
fiction,47
classics,47
fantasy,47
fantasy,48
fiction,48
epicfantasy,48
childrens,49
picturebooks,49
classics,49
fiction,49
fantasy,50
youngadult,50
mythology,50
fiction,50
fantasy,51
adventure,51
classics,51
contemporary,51
literature,51
fiction,51
india,51
philosophy,51
magicalrealism,51
youngadult,51
fiction,52
classics,52
historicalfiction,52
literature,52
historical,52
school,52
novels,52
classicliterature,52
fiction,53
historicalfiction,53
romance,53
bookclub,53
classics,54
fiction,54
poetry,54
mythology,54
fantasy,54
fiction,55
youngadult,55
classics,55
school,55
realisticfiction,55
fiction,56
literature,56
classics,56
novels,56
fiction,57
sciencefiction,57
classics,57
war,57
literature,57
historicalfiction,57
youngadult,58
fiction,58
magic,58
classics,59
fiction,59
war,59
humor,59
historicalfiction,59
horror,60
sciencefiction,60
gothic,60
fantasy,60
novels,60
sciencefiction,61
fiction,61
fantasy,61
classics,61
historicalfiction,62
fiction,62
historical,62
fiction,63
historicalfiction,63
contemporary,63
horror,64
fiction,64
fantasy,64
sciencefiction,64
postapocalyptic,64
classics,65
fiction,65
fantasy,65
youngadult,65
animals,65
fiction,66
childrens,66
classics,66
dystopia,66
teen,66
readforschool,66
classics,67
mystery,67
fiction,67
shortstories,67
crime,67
dystopia,68
sciencefiction,68
feminism,68
fantasy,68
fiction,69
chicklit,69
contemporary,69
classics,70
fiction,70
literature,70
psychology,70
classics,71
fiction,71
feminism,71
historicalfiction,72
fantasy,72
timetravel,72
historicalromance,72
adult,72
classics,73
fiction,73
russia,73
romance,73
classics,74
fiction,74
mystery,74
romance,74
gothic,74
historicalfiction,74
fiction,75
mystery,75
thriller,75
crime,75
classics,76
historicalfiction,76
fiction,76
youngadult,76
classics,77
fiction,77
historicalfiction,77
feminism,77
youngadult,78
childrens,78
humor,78
nonfiction,79
memoir,79
biography,79
fiction,80
sciencefiction,80
dystopia,80
postapocalyptic,80
classics,81
fiction,81
historicalfiction,81
youngadult,81
fantasy,82
classics,82
fiction,82
classics,83
fiction,83
dystopia,83
sciencefiction,83
russia,84
literature,84
russianliterature,84
philosophy,84
youngadult,85
vampires,85
fantasy,85
paranormal,85
romance,85
historicalfiction,86
fiction,86
classics,86
literature,86
fiction,87
philosophy,87
religion,87
spirituality,87
classics,87
buddhism,87
germanliterature,87
fiction,88
classics,88
philosophy,88
literature,88
politics,88
classics,89
fiction,89
literature,89
spanishliterature,89
classics,90
sciencefiction,90
dystopia,90
literature,90
fantasy,91
youngadult,91
fiction,91
fiction,92
chicklit,92
romance,92
contemporary,92
classics,93
fiction,93
literature,93
novels,93
school,93
classics,94
fiction,94
literature,94
historicalfiction,94
fiction,95
classics,95
literature,95
contemporary,95
fantasy,96
youngadult,96
fiction,96
poetry,97
horror,97
shortstories,97
classics,97
mystery,97
gothic,97
literature,97
classics,98
fiction,98
literature,98
adventure,98
childrens,99
fiction,99
classics,99
horror,100
fantasy,100
fiction,100
vampires,100
paranormal,100
historicalfiction,101
fiction,101
christian,101
literature,101
religion,101
fiction,102
historicalfiction,102
youngadult,102
adultfiction,102
classics,103
fiction,103
sciencefiction,103
dystopia,103
fantasy,104
youngadult,104
paranormal,104
steampunk,104
romance,104
fiction,105
historicalfiction,105
contemporary,105
fiction,106
youngadult,106
magic,106
childrens,106
classics,107
fiction,107
literature,107
historicalfiction,107
classics,108
fiction,108
adventure,108
youngadult,108
historicalfiction,108
philosophy,109
france,109
literature,109
classics,109
novels,109
frenchliterature,109
school,109
classics,110
fiction,110
travel,110
literature,110
fiction,111
classics,111
russia,111
fantasy,111
russianliterature,111
magicalrealism,111
mystery,112
classics,112
fiction,112
crime,112
thriller,112
childrens,113
fantasy,113
fiction,113
classics,113
fantasy,114
youngadult,114
fiction,114
dragons,114
fiction,115
fantasy,115
horror,115
mystery,115
supernatural,115
suspense,115
childrens,116
picturebooks,116
nonfiction,117
memoir,117
biography,117
inspirational,117
fiction,118
classics,118
sciencefiction,118
youngadult,118
fiction,119
historicalfiction,119
mystery,119
fantasy,119
booksaboutbooks,119
fiction,120
classics,120
philosophy,120
literature,120
novels,120
czechliterature,120
contemporary,120
romance,120
literaryfiction,120
20thcentury,120
youngadult,121
fiction,121
contemporary,121
romance,121
fiction,122
youngadult,122
classics,122
classics,123
fiction,123
fantasy,123
literature,123
shortstories,123
philosophy,123
classics,124
fiction,124
historicalfiction,124
school,124
fiction,125
mystery,125
classics,125
historical,125
literature,125
crime,125
italianliterature,125
fantasy,126
fiction,126
epicfantasy,126
youngadult,127
fantasy,127
angels,127
paranormal,127
romance,127
childrens,128
sciencefictionfantasy,128
novels,128
fiction,129
spirituality,129
contemporary,129
christian,129
literature,129
nonfiction,130
classics,130
truecrime,130
crime,130
mystery,130
fiction,131
classics,131
crime,131
thriller,131
historicalfiction,131
fiction,132
westerns,132
historicalfiction,132
classics,132
historical,132
childrens,133
picturebooks,133
fiction,133
fiction,134
contemporary,134
classics,134
thriller,134
novels,134
classics,135
childrens,135
historicalfiction,135
fiction,135
youngadult,135
youngadult,136
fiction,136
childrens,136
realisticfiction,136
fantasy,137
youngadult,137
fiction,137
graphicnovels,138
fiction,138
fantasy,138
plays,139
classics,139
humor,139
drama,139
fiction,139
theatre,139
classics,140
poetry,140
fiction,140
literature,140
fantasy,141
fiction,141
urbanfantasy,141
mythology,141
sciencefiction,141
sciencefictionfantasy,141
classics,142
fantasy,142
fiction,142
childrens,142
adventure,142
youngadult,142
fairytales,142
literature,142
middlegrade,142
audiobook,142
youngadult,143
vampires,143
fantasy,143
paranormal,143
romance,143
classics,144
fiction,144
historicalfiction,144
war,144
literature,144
historical,144
school,144
germanliterature,144
worldwari,144
novels,144
fiction,145
historicalfiction,145
classics,145
horror,145
mystery,145
youngadult,146
dystopia,146
fiction,146
fantasy,146
adult,147
drama,147
romance,147
adultfiction,147
love,147
fantasy,148
classics,148
fiction,148
youngadult,148
childrens,148
historicalfiction,149
novels,149
classics,149
fiction,149
fantasy,150
youngadult,150
mythology,150
horror,151
fiction,151
fantasy,151
thriller,151
fiction,152
historicalfiction,152
historicalromance,152
romance,152
adult,152
classics,152
epic,152
classics,153
fiction,153
historicalfiction,153
adventure,153
childrens,154
classics,154
fiction,154
classics,155
fiction,155
historicalfiction,155
school,155
africanamerican,155
literature,155
youngadult,156
vampires,156
fantasy,156
paranormal,156
romance,156
nonfiction,157
memoir,157
travel,157
classics,158
plays,158
fiction,158
drama,158
humor,158
literature,158
sciencefiction,159
fiction,159
humor,159
fantasy,159
classics,159
historicalfiction,160
romance,160
classics,160
fiction,160
historical,160
childrens,161
classics,161
classics,162
fiction,162
historicalfiction,162
adventure,162
childrens,163
youngadult,163
adventure,163
childrens,164
classics,164
picturebooks,164
youngadult,165
vampires,165
fantasy,165
paranormal,165
romance,165
classics,166
fiction,166
historicalfiction,166
china,166
literature,166
classics,167
fiction,167
youngadult,167
childrens,167
fantasy,168
youngadult,168
fiction,168
classics,169
fiction,169
literature,169
romance,169
poetry,170
philosophy,170
classics,170
fiction,170
spirituality,170
religion,170
classics,171
plays,171
fiction,171
drama,171
fantasy,171
fantasy,172
fiction,172
historicalfiction,172
arthurian,172
sciencefictionfantasy,172
classics,173
fiction,173
literature,173
africa,173
school,173
historicalfiction,173
novels,173
readforschool,173
adventure,173
highschool,173
classics,174
fiction,174
china,174
contemporary,174
adultfiction,174
fantasy,175
fiction,175
humor,175
urbanfantasy,175
fiction,176
classics,176
philosophy,176
fantasy,176
spirituality,176
inspirational,176
fantasy,177
youngadult,177
mythology,177
fantasy,178
fiction,178
childrens,178
classics,178
youngadult,178
classics,179
fantasy,179
fiction,179
childrens,179
classics,180
youngadult,180
animals,180
historicalfiction,180
classics,181
fiction,181
france,181
literature,181
fiction,182
mystery,182
thriller,182
crime,182
romance,183
fiction,183
erotica,183
bdsm,183
adult,183
fantasy,184
youngadult,184
adventure,184
middlegrade,184
childrens,184
childrens,185
picturebooks,185
fiction,185
classics,185
poetry,185
fantasy,185
youngadult,185
inspirational,185
kids,185
humor,185
youngadult,186
fiction,186
childrens,186
fantasy,186
classics,186
fantasy,187
youngadult,187
mythology,187
fantasy,188
youngadult,188
romance,188
paranormal,188
classics,189
fiction,189
literature,189
historicalfiction,189
youngadult,190
fiction,190
dystopia,190
sciencefiction,190
romance,190
adventure,190
fantasy,190
teen,190
action,190
sciencefictionfantasy,190
poetry,191
classics,191
school,191
shortstories,191
historicalfiction,191
classicliterature,191
historicalfiction,192
fiction,192
romance,192
classics,192
classics,193
fiction,193
literature,193
novels,193
irishliterature,193
ireland,193
abandoned,193
youngadult,194
dystopia,194
sciencefiction,194
classics,195
fiction,195
adventure,195
youngadult,195
classics,196
fiction,196
literature,196
war,196
historicalfiction,196
fiction,197
classics,197
literature,197
contemporary,197
novels,197
fantasy,198
classics,198
fiction,198
adventure,198
fantasy,199
classics,199
fiction,199
youngadult,199
childrens,199
classics,200
fiction,200
literature,200
historicalfiction,200
adult,201
abandoned,201
fantasy,201
youngadult,202
realisticfiction,202
teen,202
historicalfiction,203
fiction,203
historical,203
romance,203
historicalfiction,204
fiction,204
japan,204
historical,204
classics,204
fiction,205
epicfantasy,205
sciencefictionfantasy,205
youngadult,206
vampires,206
paranormal,206
fantasy,206
urbanfantasy,206
fiction,207
contemporary,207
historicalfiction,207
youngadult,208
fantasy,208
angels,208
romance,208
history,209
nonfiction,209
classics,209
holocaust,209
war,209
fantasy,210
youngadult,210
fiction,210
youngadult,211
paranormal,211
vampires,211
fantasy,211
romance,211
classics,212
fiction,212
literature,212
novels,212
american,212
fiction,213
humor,213
literature,213
comedy,213
historicalfiction,214
fiction,214
religion,214
historical,214
classics,215
fiction,215
childrens,215
youngadult,215
childrens,216
classics,216
fiction,216
picturebooks,216
fiction,217
classics,217
historicalfiction,217
literature,217
africanamerican,217
magicalrealism,217
sciencefiction,218
fiction,218
thriller,218
adventure,218
fantasy,218
historicalfiction,219
youngadult,219
fiction,219
historical,219
holocaust,219
fiction,220
classics,220
highfantasy,220
sciencefictionfantasy,220
epicfantasy,220
classics,221
plays,221
fiction,221
historicalfiction,221
drama,221
school,221
readforschool,221
fiction,222
classics,222
sciencefiction,222
literature,222
humor,222
historicalfiction,223
fiction,223
historical,223
art,223
classics,223
mystery,224
classics,224
fiction,224
crime,224
youngadult,225
romance,225
fiction,225
supernatural,225
urbanfantasy,225
teen,225
fantasy,225
didnotfinish,225
fiction,226
contemporary,226
chicklit,226
classics,227
fiction,227
childrens,227
fantasy,227
nonfiction,228
biography,228
history,228
christian,228
classics,228
memoir,228
poetry,229
childrens,229
fiction,229
nonfiction,230
memoir,230
animals,230
dogs,230
biography,230
fantasy,231
youngadult,231
mythology,231
fiction,232
india,232
historicalfiction,232
contemporary,232
novels,232
literature,232
indianliterature,232
literaryfiction,232
classics,232
asia,232
classics,233
fiction,233
poetry,233
mythology,233
fantasy,234
youngadult,234
romance,234
paranormal,234
steampunk,234
classics,235
fiction,235
literature,235
philosophy,235
germanliterature,235
horror,236
fiction,236
thriller,236
mystery,236
crime,236
fantasy,237
youngadult,237
paranormal,237
romance,237
youngadult,238
dystopia,238
sciencefiction,238
fiction,239
classics,239
christian,239
religion,239
christianity,239
fantasy,239
theology,239
christianfiction,239
youngadult,240
vampires,240
fantasy,240
paranormal,240
horror,241
romance,241
mystery,241
gothic,241
historicalfiction,241
france,241
literature,241
fantasy,241
historicalfiction,242
adult,242
adultfiction,242
fantasy,243
youngadult,243
fiction,243
romance,243
fairytales,243
childrens,243
fiction,244
magicalrealism,244
japan,244
japaneseliterature,244
fantasy,244
fiction,245
literature,245
classics,245
american,245
novels,245
nonfiction,246
psychology,246
philosophy,246
history,246
memoir,246
classics,246
youngadult,247
romance,247
dystopia,247
fantasy,247
youngadult,248
vampires,248
fantasy,248
romance,248
paranormal,248
fiction,249
christianfiction,249
religion,249
spirituality,249
fiction,250
classics,250
humor,250
historicalfiction,251
fiction,251
classics,251
historical,251
fiction,252
dystopia,252
sciencefiction,252
literature,252
youngadult,253
fiction,253
historicalfiction,253
classics,253
childrens,253
classics,254
fiction,254
literature,254
historicalfiction,254
war,254
fantasy,255
fiction,255
epicfantasy,255
sciencefiction,256
fiction,256
classics,256
sciencefictionfantasy,256
comics,257
humor,257
graphicnovels,257
fiction,257
historicalfiction,258
fiction,258
historical,258
romance,258
bookclub,258
worldwarii,258
fiction,259
magicalrealism,259
historicalfiction,259
classics,259
fantasy,259
youngadult,260
dystopia,260
romance,260
fiction,261
contemporary,261
fiction,262
mystery,262
thriller,262
crime,262
mysterythriller,262
romance,263
newadult,263
contemporary,263
youngadult,263
contemporaryromance,263
fiction,264
contemporary,264
chicklit,264
drama,265
fiction,265
classics,265
school,265
theatre,265
readforschool,265
poetry,265
tragedy,265
humor,266
fiction,266
historicalfiction,266
fantasy,266
religion,266
comedy,266
horror,267
fantasy,267
vampires,267
fiction,267
paranormal,267
horror,268
fiction,268
fantasy,268
thriller,268
historicalfiction,269
egypt,269
fiction,269
historical,269
youngadult,270
romance,270
magic,270
fantasy,271
classics,271
fiction,271
historicalfiction,271
arthurian,271
classics,272
plays,272
drama,272
fiction,272
youngadult,273
dystopia,273
fantasy,273
sciencefiction,273
romance,273
adventure,273
teen,273
postapocalyptic,273
action,273
sciencefictionfantasy,273
youngadult,274
contemporary,274
fiction,274
classics,275
fiction,275
russia,275
russianliterature,275
literature,275
nonfiction,276
biography,276
adventure,276
travel,276
fiction,277
historicalfiction,277
fantasy,277
mystery,277
historical,277
horror,278
fiction,278
thriller,278
suspense,278
youngadult,279
fiction,279
contemporary,279
realisticfiction,279
teen,279
highschool,279
school,279
comingofage,279
abuse,279
mentalhealth,279
classics,280
fiction,280
historicalfiction,280
literature,280
childrens,281
fantasy,281
fiction,281
classics,281
fantasy,282
fiction,282
urbanfantasy,282
sciencefictionfantasy,282
classics,283
fiction,283
literature,283
africanamerican,283
fiction,284
mystery,284
historicalfiction,284
gothic,284
booksaboutbooks,284
nonfiction,285
animals,285
memoir,285
classics,285
biography,285
fiction,286
classics,286
literature,286
american,286
fantasy,287
youngadult,287
fiction,287
magic,287
romance,287
youngadult,288
fantasy,288
fiction,288
classics,289
fiction,289
youngadult,289
childrens,289
horror,290
fiction,290
shortstories,290
thriller,290
poetry,291
fiction,291
classics,291
literature,291
religion,291
fantasy,291
fantasy,292
youngadult,292
romance,292
fiction,292
classics,293
fiction,293
philosophy,293
france,293
literature,293
youngadult,294
fantasy,294
sciencefiction,294
dystopia,294
romance,294
fiction,295
historicalfiction,295
classics,295
literaryfiction,295
classics,296
poetry,296
plays,296
fiction,296
school,297
nonfiction,297
literature,297
military,297
youngadult,298
fiction,298
childrens,298
classics,298
nonfiction,299
philosophy,299
nature,299
literature,299
memoir,299
biography,299
classics,300
childrens,300
fiction,300
fiction,301
classics,301
historicalfiction,301
holocaust,301
war,301
classics,302
fiction,302
feminism,302
school,302
literature,302
philosophy,303
fiction,303
school,303
sciencefiction,304
fiction,304
classics,304
classics,305
mystery,305
fiction,305
crime,305
southern,306
classics,306
contemporary,306
fiction,306
romance,306
fiction,307
mystery,307
contemporary,307
fantasy,308
youngadult,308
paranormal,308
romance,308
classics,309
sciencefiction,309
fiction,309
timetravel,309
fantasy,309
picturebooks,310
childrens,310
fiction,310
japaneseliterature,311
romance,311
contemporary,311
literature,311
fantasy,312
vampires,312
paranormal,312
urbanfantasy,312
romance,312
fiction,312
mystery,312
romance,313
fiction,313
fiction,314
classics,314
shortstories,314
literature,314
american,314
novels,314
20thcentury,314
literaryfiction,314
adultfiction,314
philosophy,314
fiction,315
historicalfiction,315
glbt,315
chicklit,315
classics,315
southern,315
fiction,316
magicalrealism,316
japan,316
fantasy,316
japaneseliterature,316
contemporary,316
chicklit,317
fiction,317
romance,317
humor,317
contemporary,317
fiction,318
historicalfiction,318
africa,318
classics,318
classics,319
fiction,319
literature,319
historicalfiction,319
fantasy,320
youngadult,320
mythology,320
fiction,321
classics,321
africa,321
historicalfiction,321
school,321
literature,321
fantasy,322
fiction,322
epicfantasy,322
youngadult,323
childrens,323
adventure,323
christian,323
classics,323
classics,324
fiction,324
literature,324
novels,324
britishliterature,324
erotica,325
fiction,325
bdsm,325
adult,325
contemporary,325
fantasy,326
historicalfiction,327
fiction,327
historical,327
romance,327
civilwar,327
fiction,328
mystery,328
thriller,328
crime,328
suspense,328
legalthriller,328
romance,329
classics,329
historicalfiction,329
fiction,329
fiction,330
contemporary,330
bookclub,330
literaryfiction,330
youngadult,331
contemporary,331
romance,331
fiction,331
history,332
nonfiction,332
science,332
humor,332
audiobook,332
popularscience,332
physics,332
historical,332
philosophy,332
abandoned,332
youngadult,333
romance,333
contemporary,333
fiction,333
fantasy,334
adventure,334
literature,334
novels,334
fiction,335
sciencefiction,335
dystopia,335
youngadult,336
dystopia,336
fiction,336
sciencefiction,336
fiction,337
animals,337
dogs,337
contemporary,337
adultfiction,337
religion,338
islam,338
nonfiction,338
classics,338
philosophy,338
historicalfiction,339
fiction,339
classics,339
childrens,339
historical,339
holocaust,339
youngadult,339
classics,340
fiction,340
literature,340
irishliterature,340
mystery,341
crime,341
fiction,341
contemporary,341
thriller,341
classics,342
fiction,342
childrens,342
animals,342
youngadult,342
horses,342
historicalfiction,342
literature,342
adventure,342
middlegrade,342
childrens,343
fantasy,343
fiction,343
youngadult,344
romance,344
fantasy,344
sciencefiction,344
fiction,344
adventure,344
picturebooks,345
childrens,345
classics,346
mystery,346
fiction,346
crime,346
detective,346
thriller,346
britishliterature,346
mysterythriller,346
literature,346
novels,346
youngadult,347
fantasy,347
paranormal,347
romance,347
nonfiction,348
history,348
biography,348
memoir,348
classics,348
graphicnovels,349
comics,349
fiction,349
dystopia,349
sciencefiction,349
graphicnovelscomics,349
comicbook,349
classics,349
politics,349
fantasy,349
fiction,350
didnotfinish,350
paranormalromance,350
adultfiction,350
youngadult,351
fantasy,351
dragons,351
fantasy,352
youngadult,352
mythology,352
classics,353
youngadult,353
school,353
literature,353
readforschool,353
classics,354
horror,354
fiction,354
shortstories,354
school,354
fantasy,354
readforschool,354
fantasy,355
fiction,355
horror,355
sciencefiction,355
fiction,356
adventure,356
youngadult,356
historicalfiction,356
literature,356
childrens,356
fiction,357
youngadult,357
classics,357
contemporary,357
realisticfiction,357
sciencefiction,358
dystopia,358
sciencefictionfantasy,358
cyberpunk,358
fantasy,358
fiction,358
classics,358
novels,358
postapocalyptic,358
american,358
youngadult,359
romance,359
contemporary,359
fiction,359
classics,360
fiction,360
fantasy,360
literature,360
school,360
mythology,360
classics,361
fiction,361
literature,361
american,361
fiction,362
romance,362
classics,362
literature,362
historicalfiction,362
fantasy,363
youngadult,363
fiction,363
horror,363
paranormal,363
childrens,363
fantasy,364
youngadult,364
classics,364
fiction,364
childrens,364
romance,365
fiction,365
chicklit,365
contemporary,365
youngadult,366
angels,366
fantasy,366
paranormal,366
romance,366
fiction,367
historicalfiction,367
literature,367
novels,367
classics,368
fiction,368
historicalfiction,368
literature,368
nonfiction,369
memoir,369
psychology,369
autobiography,369
fantasy,370
youngadult,370
dragons,370
fiction,370
romance,371
fiction,371
chicklit,371
contemporary,371
youngadult,371
thriller,372
mystery,372
crime,372
suspense,372
legalthriller,372
mysterythriller,372
historicalfiction,373
fiction,373
classics,373
romance,373
canada,373
fiction,374
india,374
magicalrealism,374
classics,374
historicalfiction,374
fantasy,374
literature,374
youngadult,375
fiction,375
realisticfiction,375
romance,375
contemporary,375
youngadult,376
paranormal,376
romance,376
fantasy,376
aliens,376
sciencefiction,376
paranormalromance,376
nonfiction,377
holocaust,377
graphicnovels,377
comics,377
graphicnovelscomics,377
classics,377
philosophy,378
fiction,378
classics,378
spirituality,378
classics,379
philosophy,379
china,379
nonfiction,379
sciencefiction,380
fiction,380
classics,380
shortstories,380
fiction,381
romance,381
magicalrealism,381
historicalfiction,381
classics,381
fantasy,381
food,381
classics,382
fiction,382
historicalfiction,382
russia,382
russianliterature,382
fantasy,383
fiction,383
epicfantasy,383
sciencefictionfantasy,383
classics,384
fiction,384
shortstories,384
fiction,385
classics,385
philosophy,385
germanliterature,385
literature,385
youngadult,386
dystopia,386
fiction,386
fantasy,386
sciencefiction,386
classics,387
fiction,387
adventure,387
literature,387
fantasy,388
youngadult,388
fiction,388
youngadult,389
fantasy,389
paranormal,389
romance,389
classics,390
poetry,390
fiction,390
literature,390
religion,390
school,390
fantasy,390
italianliterature,390
philosophy,390
medieval,390
romance,391
fiction,391
audiobook,391
horror,392
vampires,392
thriller,392
paranormal,392
historicalfiction,393
romance,393
fantasy,393
fiction,393
timetravel,393
historical,393
youngadult,394
fantasy,394
sciencefiction,394
classics,395
fiction,395
historicalfiction,395
france,395
science,396
nonfiction,396
classics,396
biology,396
evolution,396
philosophy,396
youngadult,397
dystopia,397
romance,397
fantasy,397
fiction,398
historicalfiction,398
canada,398
plays,399
classics,399
drama,399
fiction,399
school,399
africa,400
travel,400
nonfiction,400
history,400
adventure,400
memoir,400
sciencefiction,401
fiction,401
historicalfiction,401
dystopia,401
fantasy,402
childrens,402
classics,402
school,403
classics,403
theatre,403
readforschool,403
highschool,403
youngadult,404
fiction,404
childrens,404
sciencefiction,404
historicalfiction,405
fiction,405
china,405
historical,405
asia,405
fiction,406
contemporary,406
adult,406
adultfiction,406
classics,407
fiction,407
plays,407
poetry,407
germanliterature,407
drama,407
classics,408
sciencefiction,408
humor,408
literature,408
novels,408
nonfiction,409
mystery,409
truecrime,409
crime,409
fiction,410
contemporary,410
literature,410
canada,410
literaryfiction,410
novels,410
classics,410
american,410
adultfiction,410
abandoned,410
horror,411
fantasy,411
fiction,411
mystery,411
magicalrealism,411
literature,411
fiction,412
horror,412
classics,412
thriller,412
crime,412
youngadult,413
romance,413
contemporary,413
chicklit,413
historicalfiction,414
fiction,414
classics,414
adventure,414
romance,414
historical,414
mystery,414
fiction,415
abandoned,415
classics,415
literature,415
novels,415
fiction,416
humor,416
romance,416
music,416
sciencefiction,417
fiction,417
youngadult,417
dystopia,417
fantasy,417
audiobook,417
adventure,417
sciencefictionfantasy,417
cyberpunk,417
adult,417
classics,418
philosophy,418
nonfiction,418
politics,418
history,418
romance,419
newadult,419
youngadult,419
contemporary,419
fantasy,420
youngadult,420
romance,420
paranormal,420
angels,420
fiction,421
classics,421
historicalfiction,421
youngadult,421
jewish,421
religion,421
literature,421
school,421
judaism,421
novels,421
fiction,422
classics,422
france,422
literature,422
frenchliterature,422
youngadult,423
dystopia,423
romance,423
fiction,424
historicalfiction,424
holocaust,424
germanliterature,424
fantasy,425
fiction,425
epicfantasy,425
highfantasy,425
fiction,426
horror,426
youngadult,426
mystery,426
fiction,427
contemporary,427
chicklit,427
adult,427
adultfiction,427
realisticfiction,427
fantasy,428
youngadult,428
fiction,428
shortstories,428
youngadult,429
romance,429
supernatural,429
fiction,429
fantasy,429
fiction,430
historicalfiction,430
classics,430
literature,430
historical,430
literaryfiction,430
fantasy,431
fiction,431
epicfantasy,431
highfantasy,431
sciencefictionfantasy,431
epic,431
magic,431
audiobook,431
adult,431
adventure,431
fantasy,432
youngadult,432
paranormal,432
romance,432
fiction,433
youngadult,433
nonfiction,434
history,434
biography,434
war,434
worldwarii,434
historical,434
fiction,435
westerns,435
historicalfiction,435
literature,435
classics,435
novels,435
fantasy,436
fiction,436
historicalfiction,436
historical,436
magic,436
abandoned,436
sciencefictionfantasy,436
alternatehistory,436
audiobook,436
unfinished,436
youngadult,437
vampires,437
fantasy,437
paranormal,437
fantasy,438
youngadult,438
fiction,438
childrens,438
fantasy,439
fiction,439
epicfantasy,439
sciencefictionfantasy,439
fiction,440
classics,440
historicalfiction,440
romance,440
literature,440
paranormal,441
paranormalromance,441
romance,441
vampires,441
urbanfantasy,441
adventure,442
sciencefictionfantasy,442
sciencefiction,443
fiction,443
cyberpunk,443
classics,444
fiction,444
literature,444
20thcentury,444
american,444
school,444
britishliterature,444
poetry,444
readforschool,444
college,444
religion,445
novels,445
christian,445
childrens,446
classics,446
fiction,446
youngadult,447
fiction,447
realisticfiction,447
contemporary,447
middlegrade,447
fiction,448
chicklit,448
contemporary,448
classics,449
fiction,449
literature,449
school,449
classics,450
fiction,450
horror,450
sciencefiction,450
mystery,450
gothic,450
fantasy,450
literature,450
19thcentury,450
school,450
fiction,451
india,451
travel,451
adventure,451
nonfiction,452
history,452
truecrime,452
crime,452
youngadult,453
vampires,453
fantasy,453
paranormal,453
humor,454
nonfiction,454
memoir,454
essays,454
shortstories,454
classics,455
fiction,455
romance,455
classics,456
fiction,456
historicalfiction,456
literature,456
fiction,457
mystery,457
thriller,457
suspense,457
classics,458
fiction,458
shortstories,458
literature,458
ireland,458
fantasy,459
youngadult,459
fiction,459
fiction,460
historicalfiction,460
mystery,460
historical,460
youngadult,461
fantasy,461
vampires,461
romance,461
plays,462
classics,462
drama,462
fiction,462
theatre,462
literature,462
fiction,463
historicalfiction,463
contemporary,463
novels,463
fantasy,464
youngadult,464
fiction,464
paranormal,464
sciencefiction,465
fiction,465
classics,466
fiction,466
literature,466
novels,466
classics,467
youngadult,467
childrens,467
adventure,467
historicalfiction,468
fiction,468
classics,468
historical,468
literature,468
classics,469
fiction,469
historicalfiction,469
literature,469
fiction,470
historicalfiction,470
sciencefiction,470
timetravel,470
fantasy,470
classics,471
fiction,471
romance,471
literature,471
historicalfiction,471
youngadult,472
romance,472
paranormal,472
fae,472
fairies,472
urbanfantasy,472
adventure,472
fiction,473
classics,473
fantasy,473
youngadult,473
childrens,473
youngadult,474
vampires,474
fantasy,474
paranormal,474
fantasy,475
fiction,475
epicfantasy,475
sciencefiction,476
fiction,476
classics,476
shortstories,476
sciencefictionfantasy,476
classics,477
fiction,477
literature,477
19thcentury,477
fantasy,478
youngadult,478
mythology,478
adventure,478
nonfiction,479
classics,479
memoir,479
biography,479
autobiography,479
classics,480
fiction,480
historicalfiction,480
literature,480
britishliterature,480
historicalfiction,481
romance,481
fantasy,481
fiction,481
timetravel,481
historical,481
youngadult,482
fantasy,482
angels,482
paranormal,482
romance,482
fantasy,483
romance,483
youngadult,483
newadult,483
fiction,484
paranormal,484
fantasy,484
classics,484
classics,485
fiction,485
historicalfiction,485
literature,485
horror,486
fiction,486
classics,486
paranormal,486
thriller,486
fiction,487
classics,487
war,487
historicalfiction,487
literature,487
horror,487
youngadult,488
paranormal,488
romance,488
urbanfantasy,488
vampires,488
angels,488
nonfiction,489
religion,489
science,489
philosophy,489
atheism,489
nonfiction,490
memoir,490
biography,490
travel,490
classics,491
poetry,491
fiction,491
romance,492
erotica,492
contemporary,492
adult,492
contemporaryromance,492
horror,493
fantasy,493
fiction,493
paranormal,493
witches,493
fantasy,494
youngadult,494
historical,494
paranormal,494
historicalfiction,494
romance,494
magic,494
paranormal,495
romance,495
vampires,495
adult,495
fantasy,495
urbanfantasy,495
romance,496
youngadult,496
contemporary,496
realisticfiction,496
romance,497
magicalrealism,497
fiction,497
france,497
fantasy,497
classics,498
fiction,498
romance,498
historicalfiction,498
19thcentury,498
classics,499
fiction,499
literature,499
philosophy,500
classics,500
nonfiction,500
politics,500
history,500
youngadult,501
romance,501
dystopia,501
fantasy,501
fiction,502
classics,502
africa,502
historicalfiction,502
literature,502
southafrica,502
fantasy,503
fiction,503
epicfantasy,503
highfantasy,503
apocalyptic,504
abandoned,504
speculativefiction,504
sciencefictionfantasy,504
postapocalyptic,504
survival,504
youngadult,505
paranormal,505
urbanfantasy,505
supernatural,505
sciencefiction,506
fiction,506
cyberpunk,506
childrens,507
picturebooks,507
youngadult,508
sciencefiction,508
dystopia,508
classics,509
fiction,509
literature,509
historicalfiction,509
fantasy,510
youngadult,510
romance,510
picturebooks,511
childrens,511
christian,511
sciencefiction,512
fiction,512
dystopia,512
youngadult,512
paranormal,512
aliens,512
youngadult,513
romance,513
contemporary,513
fiction,513
chicklit,513
classics,514
plays,514
fiction,514
drama,514
school,514
classics,515
mystery,515
fiction,515
gothic,515
19thcentury,515
fiction,516
philosophy,516
spirituality,516
classics,516
environment,516
paranormalromance,517
paranormal,517
romance,517
fantasy,517
vampires,517
youngadult,518
paranormal,518
fantasy,518
romance,518
classics,519
romance,519
literature,519
novels,519
picturebooks,520
childrens,520
christmas,520
classics,521
sciencefiction,521
fiction,521
youngadult,522
dystopia,522
sciencefiction,522
fantasy,523
vampires,523
paranormal,523
urbanfantasy,523
romance,523
fiction,523
mystery,523
youngadult,524
romance,524
contemporary,524
chicklit,524
plays,525
classics,525
drama,525
fiction,525
school,525
youngadult,526
fantasy,526
paranormal,526
vampires,526
american,527
20thcentury,527
shortstories,527
fiction,527
youngadult,528
paranormal,528
romance,528
fantasy,528
paranormalromance,528
fiction,529
classics,529
philosophy,529
literature,529
germanliterature,529
novels,529
nonfiction,530
classics,530
germanliterature,530
theory,530
classics,531
fiction,531
fantasy,531
shortstories,531
historicalfiction,532
fiction,532
holocaust,532
historical,532
worldwarii,532
nonfiction,533
biography,533
inspirational,533
philosophy,533
nonfiction,534
adventure,534
memoir,534
travel,534
biography,534
history,534
youngadult,535
fantasy,535
sciencefiction,535
classics,536
plays,536
fiction,536
drama,536
romance,536
romance,537
historical,537
historicalromance,537
fiction,537
fiction,538
historicalfiction,538
literaryfiction,538
novels,538
classics,539
fiction,539
france,539
literature,539
frenchliterature,539
fiction,540
contemporary,540
novels,540
classics,541
plays,541
drama,541
fiction,541
fiction,542
classics,542
youngadult,542
historicalfiction,542
romance,542
fantasy,543
youngadult,543
paranormal,543
romance,543
urbanfantasy,543
fantasy,544
fiction,544
paranormal,544
romance,544
vampires,544
witches,544
fantasy,545
youngadult,545
fiction,545
horror,545
childrens,545
classics,546
fiction,546
romance,546
literature,546
romance,547
chicklit,547
fiction,547
contemporary,547
fantasy,548
youngadult,548
angels,548
dystopia,548
paranormal,548
classics,549
plays,549
fiction,549
drama,549
france,549
romance,549
fiction,550
shortstories,550
india,550
classics,551
childrens,551
fiction,551
youngadult,551
historical,551
youngadult,552
contemporaryromance,552
chicklit,552
fiction,552
romance,552
fantasy,553
fiction,553
classics,553
youngadult,553
childrens,553
classics,554
fiction,554
historicalfiction,554
russia,554
literature,554
classics,555
drama,555
fiction,555
plays,555
literature,555
school,555
theatre,555
readforschool,555
poetry,555
britishliterature,555
youngadult,556
fantasy,556
magic,556
adventure,556
historicalfiction,557
fiction,557
historical,557
fantasy,558
youngadult,558
mythology,558
adventure,558
fiction,558
fiction,559
fantasy,559
paranormal,559
classics,560
historicalfiction,560
childrens,560
fiction,560
fantasy,561
youngadult,561
fairytales,561
romance,561
fiction,561
youngadult,562
romance,562
dystopia,562
fantasy,562
historicalfiction,563
romance,563
fantasy,563
fiction,563
timetravel,563
historical,563
fiction,564
classics,564
historicalfiction,564
politics,564
literature,564
sciencefiction,565
fiction,565
classics,565
fiction,566
historicalfiction,566
bookclub,566
classics,567
plays,567
drama,567
fiction,567
school,567
paranormal,568
romance,568
vampires,568
paranormalromance,568
fantasy,568
fantasy,569
youngadult,569
romance,569
fantasy,570
fiction,570
classics,570
youngadult,570
childrens,570
youngadult,571
contemporary,571
romance,571
fiction,571
fantasy,571
nonfiction,572
history,572
reference,572
classics,572
school,572
fiction,573
historicalfiction,573
africa,573
bookclub,573
ethiopia,573
medicine,573
medical,573
novels,573
abandoned,573
adultfiction,573
youngadult,574
dystopia,574
fantasy,574
dystopia,575
youngadult,575
romance,575
fantasy,575
sciencefiction,576
fiction,576
spaceopera,576
fantasy,577
fiction,577
mystery,577
humor,577
sciencefiction,577
youngadult,578
dystopia,578
sciencefiction,578
fantasy,578
urbanfantasy,579
fantasy,579
paranormal,579
romance,579
paranormalromance,579
fae,579
mystery,580
youngadult,580
fiction,580
childrens,580
classics,580
middlegrade,580
fiction,581
animals,581
dogs,581
contemporary,581
fiction,582
thriller,582
crime,582
westerns,582
literature,582
mystery,582
classics,583
fiction,583
historicalfiction,583
literature,583
fantasy,584
youngadult,584
fiction,584
romance,584
fiction,585
contemporary,585
adultfiction,585
adult,585
classics,586
fiction,586
youngadult,586
historicalfiction,586
childrens,586
christian,587
christianfiction,587
fantasy,587
religion,587
nonfiction,588
history,588
biography,588
sports,588
animals,588
horses,588
fantasy,589
youngadult,589
paranormal,589
urbanfantasy,589
horror,590
fiction,590
sciencefiction,590
vampires,590
fantasy,590
postapocalyptic,590
youngadult,591
romance,591
contemporary,591
fiction,591
realisticfiction,591
fiction,592
historicalfiction,592
romance,592
mystery,592
classics,592
literature,592
historicalfiction,593
fiction,593
historical,593
war,593
worldwarii,593
fiction,594
contemporary,594
thriller,594
crime,594
youngadult,595
dystopia,595
sciencefiction,595
horror,596
fantasy,596
horror,597
fantasy,597
vampires,597
fiction,597
paranormal,597
fantasy,598
urbanfantasy,598
paranormal,598
romance,598
paranormalromance,598
fae,598
fiction,599
historicalfiction,599
romance,599
contemporary,599
sciencefiction,600
fiction,600
fantasy,600
plays,601
drama,601
fiction,601
classics,601
theatre,601
humor,601
fiction,602
classics,602
africanamerican,602
literature,602
historicalfiction,602
novels,602
race,602
school,602
american,602
bannedbooks,602
selfhelp,603
nonfiction,603
spirituality,603
psychology,603
vampires,604
youngadult,604
fantasy,604
paranormal,604
historicalfiction,605
fiction,605
civilwar,605
war,605
historical,605
fiction,606
contemporary,606
fantasy,607
fiction,607
classics,607
youngadult,607
childrens,607
youngadult,608
dystopia,608
sciencefiction,608
fantasy,608
nonfiction,609
classics,609
philosophy,609
history,609
war,609
politics,609
business,609
military,609
china,609
leadership,609
history,610
biography,610
nonfiction,610
americanhistory,610
presidents,610
fiction,611
mystery,611
historicalfiction,611
literature,611
classics,611
classics,612
shortstories,612
fiction,612
feminism,612
horror,612
literature,612
fantasy,613
youngadult,613
dragons,613
fiction,613
mystery,614
fiction,614
chicklit,614
humor,614
romance,614
fantasy,615
fiction,615
classics,615
youngadult,615
childrens,615
paranormal,616
paranormalromance,616
fantasy,616
romance,616
urbanfantasy,616
fiction,617
thriller,617
mystery,617
suspense,617
espionage,617
fiction,618
historicalfiction,618
mystery,618
canada,618
drama,619
fiction,619
school,619
plays,619
mythology,619
readforschool,619
literature,619
classics,619
highschool,619
fantasy,620
youngadult,620
romance,620
newadult,620
nonfiction,621
americanhistory,621
historical,621
politics,621
youngadult,622
dystopia,622
sciencefiction,622
fiction,622
fiction,623
fiction,624
classics,624
fantasy,624
mystery,624
literature,624
historicalromance,625
historicalfiction,625
adult,625
romance,625
childrens,626
picturebooks,626
classics,626
fantasy,626
holiday,626
christmas,626
kids,626
juvenile,626
childrensclassics,626
storytime,626
fantasy,627
youngadult,627
fiction,627
magic,627
adventure,627
dystopia,628
youngadult,628
romance,628
fiction,629
sciencefiction,629
historicalfiction,629
novels,629
fiction,630
contemporary,630
novels,630
nature,630
fiction,631
classics,631
russia,631
historicalfiction,631
russianliterature,631
literature,631
fiction,632
fantasy,632
humor,632
magicalrealism,632
literature,632
fiction,633
mystery,633
suspense,633
mysterythriller,633
adventure,633
crime,633
youngadult,634
vampires,634
urbanfantasy,634
romance,634
fiction,634
fiction,635
youngadult,635
fantasy,635
classics,635
war,636
greece,636
contemporary,636
novels,636
fiction,636
romance,637
classics,637
fiction,637
chicklit,637
contemporary,637
romance,638
fiction,638
chicklit,638
contemporary,638
historicalfiction,639
romance,639
fantasy,639
fiction,639
timetravel,639
historical,639
nonfiction,640
biography,640
adventure,640
memoir,640
autobiography,640
france,640
sciencefiction,641
fiction,641
fantasy,641
religion,642
nonfiction,642
church,642
spirituality,642
fiction,643
sciencefiction,643
dystopia,643
postapocalyptic,643
fantasy,643
fiction,644
romance,644
historicalfiction,644
chicklit,644
romance,645
newadult,645
contemporary,645
contemporaryromance,645
youngadult,645
realisticfiction,646
comingofage,646
audiobook,646
youngadult,646
glbt,646
fiction,647
childrens,647
fantasy,647
middlegrade,647
youngadult,647
chicklit,648
funny,648
adultfiction,648
contemporaryromance,648
mystery,649
fiction,649
africa,649
crime,649
youngadult,650
dystopia,650
romance,650
youngadult,651
contemporary,651
mystery,651
fiction,651
romance,651
fiction,652
historicalfiction,652
classics,652
literature,652
westerns,652
american,653
nativeamericanhistory,653
americanhistory,653
paranormalromance,654
paranormal,654
vampires,654
romance,654
fantasy,654
fantasy,655
humor,655
sciencefictionfantasy,655
timetravel,655
classics,656
fantasy,656
fiction,656
fairytales,656
shortstories,656
childrens,656
literature,656
germanliterature,656
mythology,656
youngadult,656
horror,657
classics,657
fiction,657
gothic,657
mystery,657
paranormal,657
nonfiction,658
food,658
science,658
health,658
history,658
nutrition,658
youngadult,659
romance,659
mystery,659
contemporary,659
fiction,659
classics,660
italianliterature,660
literature,660
novels,660
italy,660
magicalrealism,660
novels,661
psychology,661
romance,661
drama,661
classics,662
fiction,662
romance,662
poetry,663
fiction,663
mythology,663
classics,663
literature,663
fantasy,664
vampires,664
paranormal,664
urbanfantasy,664
fiction,664
romance,664
mystery,664
fantasy,665
youngadult,665
paranormal,665
romance,665
paranormalromance,666
paranormal,666
vampires,666
romance,666
fantasy,666
fiction,667
bookclub,667
fantasy,668
paranormalromance,668
teen,668
werewolves,668
fiction,669
classics,669
literature,669
victorian,669
19thcentury,669
britishliterature,669
classics,670
fiction,670
historicalfiction,670
adventure,670
literature,670
historical,670
romance,670
classicliterature,670
britishliterature,670
medieval,670
fiction,671
thriller,671
horror,671
sciencefiction,671
mystery,671
suspense,671
fiction,672
philosophy,672
dystopia,672
sciencefiction,672
classics,672
mystery,673
fiction,673
crime,673
classics,673
noir,673
detective,673
nonfiction,674
science,674
psychology,674
sociology,674
economics,674
india,675
contemporary,675
novels,675
literaryfiction,675
fiction,675
bookclub,675
fiction,676
classics,676
historicalfiction,676
jewish,676
religion,676
literature,676
nonfiction,677
physics,677
history,677
philosophy,677
astronomy,677
fiction,678
fantasy,678
japan,678
magicalrealism,678
sciencefiction,678
fantasy,679
vampires,679
paranormal,679
urbanfantasy,679
fiction,679
romance,679
mystery,679
sciencefiction,680
fiction,680
youngadult,680
fantasy,680
sciencefictionfantasy,680
mystery,681
historicalfiction,681
fiction,681
thriller,681
historical,681
crime,681
mysterythriller,681
nonfiction,682
memoir,682
classics,682
selfhelp,682
horror,683
fiction,683
mystery,683
fantasy,683
thriller,683
paranormal,683
childrens,684
literature,684
19thcentury,684
britishliterature,684
fiction,685
romance,685
contemporary,685
chicklit,685
adult,685
adultfiction,685
britishliterature,685
novels,685
love,685
drama,685
fiction,686
childrens,686
youngadult,686
mystery,686
fiction,687
thriller,687
mystery,687
suspense,687
sciencefiction,688
classics,688
fiction,688
science,689
nonfiction,689
astronomy,689
physics,689
history,689
nonfiction,690
biography,690
classics,690
memoir,690
autobiography,690
history,690
biographymemoir,690
historical,690
inspirational,690
disability,690
fiction,691
mystery,691
thriller,691
historicalfiction,691
fiction,692
classics,692
germanliterature,692
literature,692
novels,692
philosophy,692
epicfantasy,693
highfantasy,693
fantasy,693
sciencefictionfantasy,693
audiobook,693
epic,693
youngadult,693
comingofage,693
sciencefiction,693
adultfiction,693
fiction,694
fantasy,694
japan,694
japaneseliterature,694
magicalrealism,694
sciencefiction,694
fiction,695
contemporary,695
novels,695
fiction,696
classics,696
africanamerican,696
historicalfiction,696
literature,696
fantasy,697
youngadult,697
fiction,697
middlegrade,697
childrens,697
romance,697
history,698
nonfiction,698
classics,698
mythology,698
sociology,698
writing,698
fiction,699
classics,699
historicalfiction,699
africanamerican,699
literature,699
classics,700
fiction,700
literature,700
19thcentury,700
youngadult,701
angels,701
fantasy,701
paranormal,701
romance,701
fantasy,702
youngadult,702
sciencefiction,702
teen,702
fiction,703
classics,703
literature,703
britishliterature,703
fiction,704
sciencefiction,704
historicalfiction,704
cyberpunk,704
fiction,705
childrens,705
realisticfiction,705
youngadult,705
middlegrade,705
childrens,706
picturebooks,706
fiction,706
fiction,707
classics,707
adventure,707
sciencefictionfantasy,707
youngadult,708
contemporary,708
fiction,708
romance,708
youngadult,709
contemporary,709
fiction,709
mentalillness,709
fantasy,710
paranormal,710
romance,710
urbanfantasy,710
paranormalromance,710
fae,710
adult,710
fantasy,711
youngadult,711
romance,711
classics,712
fantasy,712
childrens,712
fiction,712
youngadult,713
fiction,713
chicklit,713
contemporary,713
romance,713
teen,713
realisticfiction,713
childrens,713
comingofage,713
highschool,713
romance,714
contemporaryromance,714
erotica,714
contemporary,714
adult,714
newadult,714
didnotfinish,714
sciencefiction,715
fiction,715
postapocalyptic,715
classics,715
dystopia,715
fiction,716
dystopia,716
horror,716
sciencefiction,716
youngadult,716
thriller,716
youngadult,717
fiction,717
realisticfiction,717
childrens,717
middlegrade,717
romance,718
contemporary,718
contemporaryromance,718
youngadult,718
college,718
horror,719
fiction,719
sciencefiction,719
thriller,719
fantasy,719
youngadult,720
dystopia,720
sciencefiction,720
fiction,721
classics,721
historicalfiction,721
poetry,722
classics,722
fiction,722
youngadult,723
vampires,723
fantasy,723
paranormal,723
romance,723
youngadult,724
fiction,724
mystery,724
contemporary,724
youngadult,725
fantasy,725
paranormal,725
urbanfantasy,725
supernatural,725
romance,726
erotica,726
contemporary,726
contemporaryromance,726
adult,726
historicalfiction,727
youngadult,727
fiction,727
childrens,727
graphicnovels,727
youngadult,728
poetry,728
fiction,728
contemporary,728
sciencefiction,729
fiction,729
classics,729
fiction,730
historicalfiction,730
classics,730
southern,730
adultfiction,730
fiction,731
philosophy,731
spirituality,731
classics,731
youngadult,732
paranormal,732
fantasy,732
urbanfantasy,732
supernatural,732
werewolves,732
fantasy,733
youngadult,733
timetravel,733
romance,733
historicalfiction,733
fantasy,734
youngadult,734
romance,734
fiction,734
classics,735
fiction,735
literature,735
american,735
youngadult,736
romance,736
contemporary,736
abuse,736
fiction,736
newadult,736
youngadult,737
dystopia,737
sciencefiction,737
horror,738
fantasy,738
fiction,738
classics,738
sciencefiction,738
fiction,739
shortstories,739
literature,739
classics,739
fantasy,739
magicalrealism,739
classics,740
fiction,740
literature,740
school,740
vampires,741
paranormal,741
urbanfantasy,741
romance,741
sciencefiction,742
fiction,742
classics,742
sciencefictionfantasy,742
nonfiction,743
biography,743
memoir,743
fiction,744
contemporary,744
literature,744
urbanfantasy,745
vampires,745
fantasy,745
paranormal,745
horror,745
romance,745
youngadult,746
vampires,746
fantasy,746
paranormal,746
fantasy,747
romance,747
fiction,747
historicalfiction,747
fairytales,747
youngadult,747
fantasy,748
youngadult,748
paranormal,748
romance,748
urbanfantasy,748
historicalfiction,749
fiction,749
classics,749
historical,749
israel,749
war,749
fiction,750
classics,750
sciencefiction,750
fantasy,750
youngadult,750
sciencefiction,751
fiction,751
fantasy,751
religion,751
youngadult,752
paranormal,752
supernatural,752
fiction,753
historicalfiction,753
thriller,753
drama,753
youngadult,754
fiction,754
contemporary,754
mentalillness,754
sciencefiction,755
fiction,755
humor,755
fantasy,755
comedy,755
poetry,756
classics,756
fiction,756
literature,756
historicalfiction,757
youngadult,757
fiction,757
classics,757
childrens,757
historical,757
dystopia,758
youngadult,758
paranormal,758
sciencefiction,758
fantasy,759
adventure,759
fiction,759
romance,760
fiction,760
chicklit,760
contemporary,760
adult,760
fantasy,761
youngadult,761
fiction,761
philosophy,762
fiction,762
classics,762
france,762
literature,762
youngadult,763
paranormal,763
romance,763
aliens,763
fantasy,763
sciencefiction,763
fantasy,764
vampires,764
paranormal,764
urbanfantasy,764
fiction,764
romance,764
mystery,764
fantasy,765
youngadult,765
fiction,765
horror,765
classics,766
sciencefiction,766
fiction,766
adventure,766
fiction,767
humor,767
historicalfiction,767
classics,767
movies,767
historicalfiction,768
fiction,768
art,768
classics,768
italy,768
fiction,769
historicalfiction,769
historical,769
australia,769
romance,769
nonfiction,770
classics,770
history,770
memoir,770
holocaust,770
biography,770
fiction,771
humor,771
comedy,771
sciencefictionfantasy,771
religion,771
mystery,772
fiction,772
crime,772
classics,772
detective,772
youngadult,773
fantasy,773
sciencefiction,773
romance,773
classics,774
fiction,774
literature,774
american,774
shortstories,775
fiction,775
classics,775
literature,775
magicalrealism,775
fantasy,775
spanishliterature,775
sciencefiction,776
fantasy,776
romance,777
fiction,777
chicklit,777
contemporary,777
nonfiction,778
selfhelp,778
business,778
psychology,778
personaldevelopment,778
contemporary,779
fiction,779
psychology,779
bookclub,779
adultfiction,779
fiction,780
historicalfiction,780
christianfiction,780
classics,780
christian,780
romance,780
historical,780
fiction,781
romance,781
classics,781
chicklit,781
contemporary,781
nonfiction,782
booksaboutbooks,782
memoir,782
biography,782
paranormalromance,783
vampires,783
romance,783
fantasy,783
fiction,784
dogs,784
animals,784
adultfiction,784
fiction,785
fantasy,785
romance,785
historicalfiction,785
personaldevelopment,786
nonfiction,786
leadership,786
management,786
biography,787
nonfiction,787
history,787
china,787
asia,787
vampires,788
paranormal,788
youngadult,788
romance,788
romance,789
newadult,789
contemporary,789
contemporaryromance,789
youngadult,789
didnotfinish,789
classics,790
fiction,790
christmas,790
fantasy,790
literature,790
historicalfiction,790
holiday,790
19thcentury,790
classicliterature,790
school,790
fiction,791
horror,791
fantasy,791
contemporary,791
fiction,792
thriller,792
military,792
suspense,792
mystery,792
fantasy,793
fiction,793
epicfantasy,793
highfantasy,793
fantasy,794
fiction,794
humor,794
comedy,794
sciencefictionfantasy,794
sciencefiction,794
magic,794
funny,794
adventure,794
highfantasy,794
crime,795
fiction,795
mystery,795
thriller,795
suspense,795
contemporary,795
novels,795
adult,795
mysterythriller,795
literature,795
fiction,796
contemporary,796
classics,796
urbanfantasy,797
paranormal,797
fantasy,797
paranormalromance,797
fae,797
adult,797
fiction,798
romance,798
contemporary,798
chicklit,798
youngadult,799
fantasy,799
dystopia,799
sciencefiction,799
fiction,799
romance,800
paranormalromance,800
paranormal,800
fantasy,800
urbanfantasy,800
adult,800
fantasy,801
vampires,801
paranormal,801
urbanfantasy,801
fiction,801
romance,801
mystery,801
vampires,802
fantasy,802
paranormal,802
urbanfantasy,802
fiction,802
romance,802
mystery,802
horror,803
sciencefiction,803
fiction,803
audiobook,803
classics,804
fiction,804
historicalfiction,804
classics,805
fantasy,805
historicalfiction,805
humor,805
timetravel,805
romance,806
newadult,806
contemporary,806
youngadult,806
contemporaryromance,806
college,806
classics,807
fiction,807
romance,807
fiction,808
southern,808
contemporary,808
vampires,809
fantasy,809
paranormal,809
urbanfantasy,809
fiction,809
romance,809
mystery,809
classics,810
nonfiction,810
memoir,810
biography,810
literature,810
france,810
adventure,811
epicfantasy,811
highfantasy,811
sciencefictionfantasy,811
novels,811
magic,811
classics,812
plays,812
drama,812
school,812
fiction,812
readforschool,812
historicalfiction,813
youngadult,813
classics,813
childrens,813
fiction,813
fantasy,814
youngadult,814
romance,814
paranormal,814
urbanfantasy,815
paranormal,815
fantasy,815
werewolves,815
paranormalromance,815
fiction,815
fiction,816
humor,816
adult,816
adultfiction,816
literature,816
fiction,817
contemporary,817
humor,817
novels,817
fiction,818
thriller,818
mystery,818
suspense,818
youngadult,819
paranormal,819
romance,819
aliens,819
fantasy,819
sciencefiction,819
fiction,820
chicklit,820
contemporary,820
romance,820
adultfiction,820
fiction,821
classics,821
literature,821
novels,821
contemporary,821
fantasy,822
fairytales,822
romance,822
youngadult,822
retellings,822
historicalfiction,823
historical,823
romance,823
fiction,823
westerns,823
bookclub,823
fiction,824
humor,824
literature,824
novels,824
classics,825
fiction,825
fantasy,825
historicalfiction,825
glbt,825
feminism,825
nonfiction,826
travel,826
humor,826
memoir,826
nature,826
adventure,826
fantasy,827
fiction,827
horror,827
fiction,828
sciencefiction,828
postapocalyptic,828
classics,828
dystopia,828
apocalyptic,828
fantasy,829
youngadult,829
romance,829
paranormal,829
fantasy,830
youngadult,830
fiction,830
childrens,830
adventure,830
vampires,831
fantasy,831
paranormal,831
urbanfantasy,831
fiction,831
romance,831
mystery,831
youngadult,832
angels,832
fantasy,832
paranormal,832
romance,832
classics,833
literature,833
school,833
poetry,833
gothic,833
fantasy,834
fiction,834
humor,834
poetry,835
classics,835
literature,835
fiction,835
romance,835
plays,835
britishliterature,835
school,835
drama,835
englishliterature,835
youngadult,836
contemporary,836
glbt,836
romance,836
fiction,836
religion,837
philosophy,837
classics,837
spirituality,837
nonfiction,837
poetry,837
india,837
hinduism,837
mythology,837
indianliterature,837
fantasy,838
youngadult,838
fiction,838
middlegrade,838
fiction,839
contemporary,839
novels,839
thriller,839
nonfiction,840
writing,840
memoir,840
biography,840
mystery,841
fiction,841
crime,841
thriller,841
mysterythriller,841
suspense,841
classics,842
fiction,842
germanliterature,842
literature,842
romance,842
youngadult,843
angels,843
fantasy,843
paranormal,843
romance,843
fantasy,844
youngadult,844
fiction,844
magic,844
youngadult,845
vampires,845
fantasy,845
paranormal,845
romance,845
supernatural,845
urbanfantasy,845
fiction,845
paranormalromance,845
angels,845
marriage,846
psychology,846
love,846
fiction,847
westerns,847
historicalfiction,847
literature,847
classics,847
youngadult,848
romance,848
contemporary,848
romance,849
fiction,849
chicklit,849
contemporary,849
classics,850
fiction,850
literature,850
historicalfiction,850
romance,851
animals,851
horses,851
contemporary,851
fiction,851
drama,851
youngadult,852
romance,852
contemporary,852
chicklit,852
fiction,853
classics,853
poetry,853
literature,853
russia,853
novels,853
russianliterature,853
20thcentury,853
literaryfiction,853
american,853
youngadult,854
contemporary,854
romance,854
fantasy,854
youngadult,855
fantasy,855
romance,855
fairytales,855
fiction,855
picturebooks,856
childrens,856
classics,856
mystery,857
fiction,857
thriller,857
horror,857
suspense,857
religion,858
christian,858
nonfiction,858
classics,858
christianity,858
reference,858
spirituality,858
faith,858
history,858
philosophy,858
paranormalromance,859
romance,859
vampires,859
mystery,859
romance,860
fiction,860
chicklit,860
contemporary,860
vampires,861
paranormal,861
urbanfantasy,861
paranormalromance,861
romance,861
fantasy,861
fiction,862
middlegrade,862
childrens,862
classics,863
fiction,863
adventure,863
sciencefiction,863
france,863
fantasy,863
travel,863
literature,863
historicalfiction,863
novels,863
youngadult,864
vampires,864
fantasy,864
paranormal,864
romance,864
fiction,865
romance,865
novels,865
contemporary,865
philosophy,865
fiction,866
africa,866
southafrica,866
literature,866
novels,866
historicalfiction,867
fiction,867
india,867
romance,867
historical,867
classics,867
adventure,867
fiction,868
contemporary,868
magicalrealism,868
novels,868
fiction,869
contemporary,869
literaryfiction,869
poetry,870
classics,870
literature,870
fiction,870
18thcentury,870
fiction,871
classics,871
literature,871
romance,872
fiction,872
chicklit,872
contemporary,872
youngadult,873
paranormal,873
fantasy,873
werewolves,873
romance,873
sciencefiction,874
youngadult,874
fantasy,874
dystopia,874
fiction,874
fantasy,875
youngadult,875
dystopia,875
fiction,875
classics,876
fiction,876
literature,876
historicalfiction,876
mystery,877
fiction,877
classics,877
crime,877
noir,877
detective,877
fiction,878
sciencefiction,878
classics,878
dystopia,878
russia,878
russianliterature,878
fiction,879
classics,879
historicalfiction,879
literature,879
historical,879
youngadult,880
romance,880
contemporary,880
fiction,880
fantasy,881
animals,881
youngadult,881
fiction,881
romance,882
fiction,882
chicklit,882
contemporary,882
fiction,883
classics,883
philosophy,883
germanliterature,883
literature,883
youngadult,884
contemporary,884
glbt,884
fiction,884
classics,885
plays,885
fiction,885
drama,885
sciencefiction,886
fiction,886
classics,886
fantasy,887
fiction,887
epicfantasy,887
highfantasy,887
fiction,888
classics,888
france,888
frenchliterature,888
literaryfiction,888
fiction,889
classics,889
literature,889
novels,889
american,889
fantasy,890
classics,891
fiction,891
literature,891
american,891
romance,892
newadult,892
youngadult,892
contemporary,892
youngadult,893
vampires,893
paranormal,893
fantasy,893
romance,893
fantasy,894
youngadult,894
romance,894
paranormal,894
fairies,894
fiction,895
thriller,895
mystery,895
legalthriller,895
suspense,895
newadult,896
contemporary,896
contemporaryromance,896
romance,896
adult,896
erotica,896
youngadult,897
fantasy,897
paranormal,897
magic,897
vampires,897
fiction,898
classics,898
literature,898
novels,898
fantasy,899
fiction,899
horror,899
sciencefiction,899
fiction,900
mystery,900
crime,900
thriller,900
denmark,900
scandinavianliterature,900
classics,901
fiction,901
india,901
historicalfiction,901
memoir,902
nonfiction,902
biography,902
humor,902
youngadult,903
fantasy,903
sciencefiction,903
fiction,904
shortstories,904
classics,904
literature,904
dystopia,905
thriller,905
sciencefiction,905
horror,905
realisticfiction,906
youngadult,906
contemporary,907
romance,907
contemporaryromance,907
paranormalromance,908
paranormal,908
vampires,908
romance,908
fantasy,908
classics,909
fiction,909
historicalfiction,909
adventure,909
literature,909
science,910
nonfiction,910
mathematics,910
philosophy,910
music,910
youngadult,911
fantasy,911
sciencefiction,911
adventure,911
fiction,911
urbanfantasy,912
fantasy,912
paranormal,912
romance,912
werewolves,912
paranormalromance,912
fiction,913
fantasy,913
horror,913
magicalrealism,913
adult,913
vampires,914
youngadult,914
fantasy,914
youngadult,915
fantasy,915
vampires,915
paranormal,915
fiction,915
fiction,916
historicalfiction,916
china,916
asia,916
contemporary,916
classics,917
plays,917
fiction,917
drama,917
school,917
fiction,918
classics,918
chicklit,918
romance,918
fantasy,919
youngadult,919
mythology,919
adventure,919
fiction,920
inspirational,920
contemporary,920
historicalfiction,921
fiction,921
military,921
audiobook,921
plays,922
classics,922
drama,922
fiction,922
school,922
romance,923
contemporary,923
youngadult,923
realisticfiction,923
fiction,924
historicalfiction,924
canada,924
picturebooks,925
childrens,925
humor,925
fiction,925
youngadult,926
fantasy,926
paranormal,926
romance,926
nonfiction,927
truecrime,927
crime,927
history,927
horror,927
biography,927
historicalfiction,928
fiction,928
war,928
classics,928
historical,928
romance,928
classics,929
poetry,929
romance,929
spanishliterature,929
fiction,929
latinamerican,929
literature,929
latinamericanliterature,929
20thcentury,929
nobelprize,929
youngadult,930
romance,930
contemporary,930
realisticfiction,930
historicalfiction,931
fiction,931
historical,931
fantasy,931
romance,931
horror,932
vampires,932
fantasy,932
fiction,932
paranormal,932
fantasy,933
youngadult,933
romance,933
paranormal,933
fairies,933
survival,934
adventure,934
fiction,934
literature,934
urbanfantasy,935
fantasy,935
paranormal,935
romance,935
paranormalromance,935
fae,935
fantasy,936
mythology,936
youngadult,936
adventure,936
fiction,936
middlegrade,936
greekmythology,936
romance,936
urbanfantasy,936
childrens,936
horror,937
fiction,937
vampires,937
fantasy,937
paranormal,937
theology,938
fantasy,938
fiction,938
religion,938
christianfiction,938
fantasy,939
fiction,939
epicfantasy,939
highfantasy,939
sciencefictionfantasy,939
magic,939
epic,939
adventure,939
sciencefiction,939
abandoned,939
fantasy,940
fiction,940
horror,940
sciencefiction,940
fiction,941
historicalfiction,941
classics,941
australia,941
romance,941
war,941
religion,942
classics,942
nonfiction,942
christian,942
christianity,942
history,942
classics,943
plays,943
drama,943
fiction,943
mystery,944
crime,944
classics,944
detective,944
historicalfiction,944
19thcentury,944
mysterythriller,944
britishliterature,944
literature,944
novels,944
fantasy,945
youngadult,945
youngadultfantasy,945
sciencefiction,946
fiction,946
fantasy,946
humor,946
youngadult,947
sciencefiction,947
dystopia,947
romance,947
youngadult,948
fantasy,948
paranormal,948
mythology,948
romance,948
paranormalromance,948
fantasy,949
fiction,949
urbanfantasy,949
mythology,949
mystery,950
fiction,950
crime,950
classics,950
youngadult,951
fantasy,951
paranormal,951
romance,951
werewolves,951
vampires,952
paranormal,952
urbanfantasy,952
paranormalromance,952
romance,952
fantasy,952
christianfiction,953
fiction,953
christian,953
fantasy,953
thriller,953
historicalfiction,954
fiction,954
holocaust,954
worldwarii,954
germany,954
fiction,955
classics,955
literature,955
novels,955
american,955
fantasy,956
youngadult,956
didnotfinish,956
youngadultparanormal,956
chicklit,957
fiction,957
contemporary,957
romance,957
philosophy,958
classics,958
france,958
literature,958
frenchliterature,958
novels,958
fantasy,959
urbanfantasy,959
mystery,959
fiction,959
paranormal,959
magic,959
fantasy,960
youngadult,960
sciencefiction,960
fiction,960
childrens,960
classics,960
childrens,961
picturebooks,961
fiction,961
horror,962
fiction,962
postapocalyptic,962
fantasy,962
sciencefiction,962
dystopia,962
apocalyptic,962
romance,963
fiction,963
chicklit,963
contemporary,963
romance,964
aliens,964
youngadult,964
sciencefiction,964
paranormalromance,964
fantasy,964
paranormal,964
urbanfantasy,964
fiction,964
newadult,964
horror,965
shortstories,965
fiction,965
classics,965
fantasy,965
sciencefiction,965
gothic,965
literature,965
anthologies,965
lovecraftian,965
fiction,966
classics,966
historicalfiction,966
literature,966
war,966
nonfiction,967
memoir,967
biography,967
africanamerican,967
classics,968
poetry,968
russia,968
fiction,968
russianliterature,968
fiction,969
fantasy,969
witches,969
magic,969
paranormal,969
chicklit,969
classics,970
fiction,970
christian,970
religion,970
christianfiction,970
christianity,970
youngadult,971
vampires,971
paranormal,971
romance,971
humor,972
comedy,972
horror,973
fiction,973
fantasy,973
fiction,974
contemporary,974
humor,975
fiction,975
fantasy,975
comedy,975
paranormal,975
urbanfantasy,975
funny,975
fiction,976
classics,976
horror,976
thriller,976
sciencefiction,977
fiction,977
humor,977
fantasy,977
fiction,978
sciencefiction,978
thriller,978
timetravel,978
historicalfiction,978
fantasy,978
fiction,979
classics,979
germanliterature,979
literature,979
historicalfiction,979
germany,979
magicalrealism,979
novels,979
war,979
nobelprize,979
classics,980
fiction,980
france,980
frenchliterature,980
literature,980
19thcentury,980
historicalfiction,980
novels,980
historical,980
classicliterature,980
graphicnovels,981
comics,981
history,981
nonfiction,981
memoir,981
romance,982
contemporary,982
contemporaryromance,982
youngadult,982
classics,983
fiction,983
sciencefiction,983
dystopia,983
graphicnovels,984
batman,984
fiction,984
comicbook,984
graphicnovelscomics,984
fantasy,985
mythology,985
youngadult,985
adventure,985
romance,986
fiction,986
chicklit,986
contemporary,986
fantasy,987
youngadult,987
paranormal,987
romance,987
horror,988
fiction,988
fantasy,988
mystery,988
fantasy,989
fiction,989
humor,989
mystery,990
fiction,990
historicalfiction,990
historical,990
fantasy,991
fiction,991
epicfantasy,991
magic,991
childrens,992
fiction,992
youngadult,992
romance,993
fiction,993
chicklit,993
contemporary,993
fiction,994
mystery,994
thriller,994
suspense,994
crime,994
mystery,995
youngadult,995
fiction,995
fantasy,995
childrens,995
adventure,995
middlegrade,995
poetry,996
classics,996
horror,996
fiction,996
gothic,996
fantasy,997
fiction,997
epicfantasy,997
highfantasy,997
magic,997
sciencefictionfantasy,997
adult,997
audiobook,997
epic,997
romance,997
youngadult,998
fantasy,998
paranormal,998
romance,998
youngadult,999
mystery,999
contemporary,999
fiction,1000
classics,1000
philosophy,1000
literature,1000
mystery,1001
fiction,1001
thriller,1001
crime,1001
horror,1002
fiction,1002
classics,1002
gothic,1002
mystery,1002
classics,1003
fiction,1003
asianliterature,1003
japan,1003
shortstories,1004
classics,1004
literature,1004
italianliterature,1004
medieval,1004
fiction,1005
classics,1005
philosophy,1005
literature,1005
greece,1005
fantasy,1006
childrens,1006
fiction,1006
youngadult,1006
historicalfiction,1007
fiction,1007
historical,1007
classics,1007
sciencefiction,1008
fiction,1008
fantasy,1008
dystopia,1008
angels,1009
youngadult,1009
fantasy,1009
romance,1009
paranormal,1009
fiction,1010
contemporary,1010
literaryfiction,1010
romance,1010
novels,1010
adultfiction,1010
literature,1010
american,1010
classics,1010
adult,1010
romance,1011
erotica,1011
fiction,1011
bdsm,1011
adult,1011
youngadult,1012
childrens,1012
romance,1012
classics,1013
horror,1013
fiction,1013
gothic,1013
mystery,1013
literature,1013
historicalfiction,1014
fiction,1014
glbt,1014
historical,1014
mystery,1014
romance,1014
romance,1015
newadult,1015
contemporary,1015
contemporaryromance,1015
adult,1015
fiction,1016
spirituality,1016
selfhelp,1016
newage,1016
youngadult,1017
romance,1017
mystery,1017
espionage,1017
graphicnovels,1018
nonfiction,1018
comics,1018
memoir,1018
biography,1018
vampires,1019
youngadult,1019
paranormal,1019
fantasy,1019
dystopia,1019
fantasy,1020
youngadult,1020
adventure,1020
childrens,1020
magic,1020
youngadult,1021
paranormal,1021
angels,1021
fantasy,1021
romance,1021
demons,1021
paranormalromance,1021
supernatural,1021
urbanfantasy,1021
didnotfinish,1021
fiction,1022
classics,1022
historicalfiction,1022
war,1022
literature,1022
youngadult,1023
fantasy,1023
paranormal,1023
romance,1023
sciencefiction,1024
fiction,1024
alternatehistory,1024
dystopia,1024
classics,1024
historicalfiction,1024
youngadult,1025
fantasy,1025
sciencefiction,1025
dark,1026
romance,1026
didnotfinish,1026
contemporaryromance,1026
classics,1027
fiction,1027
historicalfiction,1027
war,1027
literature,1027
civilwar,1027
historicalfiction,1028
fiction,1028
britishliterature,1028
youngadult,1029
dystopia,1029
romance,1029
fantasy,1029
sciencefiction,1029
fiction,1030
fantasy,1030
classics,1030
mythology,1030
christian,1030
religion,1030
christianfiction,1030
fantasy,1031
novels,1031
sciencefictionfantasy,1031
literature,1031
fiction,1031
fiction,1032
classics,1032
southern,1032
comingofage,1032
novels,1032
historicalfiction,1033
fiction,1033
historical,1033
china,1033
adventure,1033
fiction,1034
classics,1034
latinamerican,1034
literature,1034
fantasy,1035
romance,1035
fiction,1035
epicfantasy,1035
erotica,1035
classics,1036
fiction,1036
romance,1036
19thcentury,1036
victorian,1036
horror,1037
fiction,1037
thriller,1037
fiction,1038
contemporary,1038
novels,1038
britishliterature,1038
picturebooks,1039
childrens,1039
fiction,1039
youngadult,1040
fiction,1040
adventure,1040
classics,1040
survival,1040
childrens,1040
classics,1041
fiction,1041
literature,1041
romance,1042
newadult,1042
contemporaryromance,1042
contemporary,1042
sciencefiction,1043
fiction,1043
classics,1043
horror,1043
postapocalyptic,1043
dystopia,1043
classics,1044
france,1044
literature,1044
19thcentury,1044
novels,1044
fiction,1045
childrens,1045
classics,1045
germanliterature,1045
fantasy,1045
youngadult,1045
horror,1046
fiction,1046
thriller,1046
mystery,1046
crime,1046
urbanfantasy,1047
fantasy,1047
paranormal,1047
vampires,1047
magic,1047
romance,1047
paranormal,1048
vampires,1048
fantasy,1048
youngadult,1048
werewolves,1048
supernatural,1048
fiction,1049
classics,1049
germanliterature,1049
literature,1049
philosophy,1049
novels,1049
fiction,1050
classics,1050
historicalfiction,1050
romance,1050
classics,1051
fiction,1051
youngadult,1051
childrens,1051
animals,1051
youngadult,1052
contemporary,1052
fiction,1052
romance,1052
realisticfiction,1052
romance,1053
newadult,1053
contemporary,1053
youngadult,1053
nonfiction,1054
psychology,1054
economics,1054
business,1054
selfhelp,1054
personaldevelopment,1054
education,1054
socialscience,1054
leadership,1054
adult,1054
fantasy,1055
youngadult,1055
paranormal,1055
urbanfantasy,1055
fairies,1055
romance,1055
fiction,1056
horror,1056
thriller,1056
fantasy,1056
fiction,1057
classics,1057
literature,1057
american,1057
novels,1057
youngadult,1058
dystopia,1058
sciencefiction,1058
fantasy,1059
youngadult,1059
romance,1059
mythology,1059
paranormal,1059
youngadult,1060
poetry,1060
fiction,1060
classics,1061
fiction,1061
dystopia,1061
literature,1061
sciencefiction,1061
politics,1061
fantasy,1061
novels,1061
philosophy,1061
school,1061
fiction,1062
classics,1062
romance,1062
19thcentury,1062
victorian,1062
fantasy,1063
fiction,1063
epicfantasy,1063
sciencefictionfantasy,1063
classics,1064
fiction,1064
childrens,1064
shortstories,1064
fiction,1065
historicalfiction,1065
mystery,1065
canada,1065
historical,1065
youngadult,1066
fiction,1066
contemporary,1066
realisticfiction,1066
mentalillness,1066
fiction,1067
youngadult,1067
adventure,1067
childrens,1067
historicalfiction,1068
classics,1068
polishliterature,1068
historical,1068
youngadult,1069
historicalfiction,1069
historical,1069
war,1069
worldwarii,1069
nonfiction,1070
memoir,1070
biography,1070
fiction,1071
horror,1071
thriller,1071
contemporary,1071
fiction,1072
mystery,1072
thriller,1072
suspense,1072
crime,1072
legalthriller,1072
classics,1073
sciencefiction,1073
fiction,1073
adventure,1073
fantasy,1073
vampires,1074
youngadult,1074
fantasy,1074
paranormal,1074
romance,1074
youngadult,1075
fantasy,1075
fiction,1075
magic,1075
mythology,1075
philosophy,1076
classics,1076
nonfiction,1076
history,1076
selfhelp,1076
spirituality,1076
literature,1076
psychology,1076
ancient,1076
leadership,1076
urbanfantasy,1077
fantasy,1077
paranormal,1077
werewolves,1077
vampires,1077
romance,1077
paranormalromance,1077
fiction,1078
classics,1078
unfinished,1078
literaryfiction,1078
youngadult,1079
fantasy,1079
paranormal,1079
romance,1079
classics,1080
fiction,1080
youngadult,1080
historicalfiction,1080
childrens,1080
fiction,1081
historicalfiction,1081
classics,1081
literature,1081
novels,1081
mystery,1082
romance,1082
crime,1082
romanticsuspense,1082
fiction,1082
mystery,1083
fiction,1083
thriller,1083
crime,1083
mysterythriller,1083
fiction,1084
fantasy,1084
magicalrealism,1084
romance,1084
chicklit,1084
magic,1084
thriller,1085
horror,1085
fantasy,1085
vampires,1086
youngadult,1086
paranormal,1086
fantasy,1086
urbanfantasy,1086
youngadult,1087
romance,1087
mystery,1087
fiction,1087
realisticfiction,1087
fiction,1088
historicalfiction,1088
religion,1088
literature,1088
nonfiction,1089
history,1089
memoir,1089
classics,1089
biography,1089
race,1089
vampires,1090
youngadult,1090
paranormal,1090
fantasy,1090
romance,1090
historicalfiction,1091
fiction,1091
mystery,1091
fantasy,1092
fiction,1092
epicfantasy,1092
highfantasy,1092
nonfiction,1093
spirituality,1093
selfhelp,1093
philosophy,1093
psychology,1093
youngadult,1094
mystery,1094
romance,1094
espionage,1094
fantasy,1095
youngadult,1095
romance,1095
classics,1096
fiction,1096
literature,1096
american,1096
classics,1097
nonfiction,1097
biography,1097
humor,1097
memoir,1097
youngadult,1098
poetry,1098
fiction,1098
contemporary,1098
historicalfiction,1099
mystery,1099
fiction,1099
thriller,1099
historical,1099
germany,1099
fiction,1100
classics,1100
historicalfiction,1100
scotland,1100
novels,1100
fantasy,1101
youngadult,1101
fiction,1101
romance,1101
adventure,1101
romance,1102
contemporary,1102
chicklit,1102
adult,1102
historicalfiction,1103
romance,1103
fiction,1103
fantasy,1103
timetravel,1103
historical,1103
youngadult,1104
romance,1104
angels,1104
paranormal,1104
fantasy,1104
romance,1105
contemporaryromance,1105
contemporary,1105
erotica,1105
adult,1105
newadult,1105
contemporary,1106
humor,1106
teen,1106
youngadult,1106
school,1106
historicalfiction,1107
fiction,1107
historical,1107
worldwarii,1107
war,1107
fiction,1108
classics,1108
magicalrealism,1108
literature,1108
school,1108
fiction,1109
historicalfiction,1109
classics,1109
war,1109
horror,1109
holocaust,1109
literature,1109
youngadult,1110
romance,1110
contemporary,1110
newadult,1110
classics,1111
fiction,1111
literature,1111
18thcentury,1111
newadult,1112
romance,1112
contemporary,1112
college,1112
contemporaryromance,1112
youngadult,1112
picturebooks,1113
childrens,1113
historicalfiction,1114
fiction,1114
classics,1114
france,1114
historical,1114
frenchliterature,1114
youngadult,1115
paranormal,1115
fantasy,1115
romance,1115
fantasy,1116
horror,1116
fiction,1116
darkfantasy,1116
poetry,1117
frenchliterature,1117
france,1117
19thcentury,1117
literature,1117
classics,1117
gothic,1117
readforschool,1117
unfinished,1117
art,1117
mystery,1118
psychology,1118
fiction,1118
suspense,1118
thriller,1118
fiction,1119
thriller,1119
mystery,1119
espionage,1119
classics,1119
youngadult,1120
romance,1120
magic,1120
newadult,1120
fiction,1121
magicalrealism,1121
classics,1121
literature,1121
india,1121
fantasy,1121
religion,1121
youngadult,1122
dystopia,1122
sciencefiction,1122
fiction,1122
fiction,1123
classics,1123
literature,1123
southerngothic,1123
shortstories,1123
southern,1123
christian,1124
fiction,1124
romance,1124
historical,1124
fiction,1125
india,1125
contemporary,1125
indianliterature,1125
historicalfiction,1126
fiction,1126
historical,1126
egypt,1126
adventure,1126
fantasy,1126
chicklit,1127
romance,1127
fiction,1127
contemporary,1127
fiction,1128
india,1128
historicalfiction,1128
indianliterature,1128
historicalfiction,1129
mythology,1129
fantasy,1129
glbt,1129
fiction,1129
romance,1129
historical,1129
classics,1130
fiction,1130
literature,1130
19thcentury,1130
nonfiction,1131
memoir,1131
africa,1131
biography,1131
war,1131
romance,1132
newadult,1132
contemporaryromance,1132
classics,1133
childrens,1133
fiction,1133
fairytales,1133
memoir,1134
nonfiction,1134
war,1134
history,1134
fiction,1135
contemporary,1135
romance,1135
adult,1135
classics,1136
nonfiction,1136
germanliterature,1136
youngadult,1137
contemporary,1137
romance,1137
fiction,1137
humor,1138
classics,1138
britishliterature,1138
travel,1138
comedy,1138
fantasy,1139
youngadult,1139
adventure,1139
middlegrade,1139
fiction,1139
childrens,1139
mystery,1139
history,1140
nonfiction,1140
politics,1140
nonfiction,1141
business,1141
psychology,1141
sociology,1141
science,1141
economics,1141
classics,1142
nonfiction,1142
feminism,1142
essays,1142
historicalfiction,1143
fiction,1143
historical,1143
literature,1143
romance,1144
contemporary,1144
contemporaryromance,1144
sports,1144
fighters,1144
fiction,1145
thriller,1145
mystery,1145
suspense,1145
romance,1145
crime,1145
mysterythriller,1145
contemporary,1145
novels,1145
drama,1145
classics,1146
literature,1146
american,1146
fantasy,1147
mythology,1147
youngadult,1147
nonfiction,1148
animals,1148
memoir,1148
biography,1148
classics,1148
poetry,1149
fiction,1149
classics,1149
philosophy,1149
literature,1149
portugal,1149
portugueseliterature,1149
mystery,1150
fiction,1150
thriller,1150
crime,1150
mysterythriller,1150
fiction,1151
contemporary,1151
adultfiction,1151
fantasy,1152
fiction,1152
epicfantasy,1152
fiction,1153
mystery,1153
thriller,1153
suspense,1153
fantasy,1154
sciencefiction,1154
fiction,1154
steampunk,1154
urbanfantasy,1154
fiction,1155
humor,1155
literature,1155
novels,1155
contemporary,1155
faith,1156
christianity,1156
memoir,1156
nonfiction,1156
youngadult,1157
sciencefiction,1157
dystopia,1157
fiction,1157
youngadult,1158
romance,1158
chicklit,1158
fiction,1158
contemporary,1158
fantasy,1159
youngadult,1159
fiction,1159
dragons,1159
magic,1159
urbanfantasy,1160
fantasy,1160
paranormal,1160
romance,1160
magic,1160
vampires,1160
paranormalromance,1160
fiction,1161
humor,1161
comedy,1161
sciencefiction,1162
fiction,1162
cyberpunk,1162
steampunk,1162
fantasy,1163
youngadult,1163
dystopia,1163
fiction,1163
romance,1164
adultfiction,1164
childrens,1165
picturebooks,1165
fiction,1165
historicalfiction,1166
fiction,1166
war,1166
russia,1166
historical,1166
worldwarii,1166
classics,1167
romance,1167
audiobook,1167
literature,1167
youngadult,1168
mystery,1168
romance,1168
espionage,1168
fantasy,1169
youngadult,1169
romance,1169
paranormal,1169
fairies,1169
horror,1170
fiction,1170
thriller,1170
classics,1170
adventure,1170
suspense,1170
history,1171
nonfiction,1171
classics,1171
japan,1171
war,1171
worldwarii,1171
fiction,1172
sciencefiction,1172
horror,1172
contemporary,1172
historicalfiction,1173
fiction,1173
historical,1173
westerns,1173
classics,1173
fiction,1174
shortstories,1174
classics,1174
literature,1174
fantasy,1174
magicalrealism,1174
philosophy,1174
fiction,1175
mystery,1175
historicalfiction,1175
fantasy,1175
spain,1175
booksaboutbooks,1175
gothic,1175
magicalrealism,1175
spanishliterature,1175
historical,1175
fiction,1176
fantasy,1176
classics,1176
school,1176
literature,1176
mythology,1176
nonfiction,1177
science,1177
evolution,1177
philosophy,1177
psychology,1177
fiction,1178
fantasy,1178
classics,1178
shortstories,1178
literature,1178
magicalrealism,1178
italianliterature,1178
contemporary,1179
contemporaryromance,1179
funny,1179
newadult,1179
chicklit,1179
adult,1179
humor,1179
picturebooks,1180
childrens,1180
fiction,1180
newadult,1181
contemporary,1181
romance,1181
realisticfiction,1182
youngadult,1182
fiction,1182
middlegrade,1182
childrens,1182
contemporary,1182
fantasy,1183
childrens,1183
fiction,1183
middlegrade,1183
youngadult,1184
romance,1184
contemporary,1184
chicklit,1184
urbanfantasy,1185
fantasy,1185
paranormal,1185
vampires,1185
werewolves,1185
romance,1185
paranormalromance,1185
russianliterature,1186
literature,1186
russia,1186
fiction,1186
philosophy,1186
classics,1186
19thcentury,1186
youngadult,1187
fantasy,1187
sciencefiction,1187
youngadult,1188
fantasy,1188
sciencefiction,1188
writing,1189
nonfiction,1189
memoir,1189
urbanfantasy,1190
fantasy,1190
paranormal,1190
vampires,1190
werewolves,1190
romance,1190
paranormalromance,1190
romance,1191
youngadult,1191
contemporary,1191
newadult,1191
abuse,1191
highschool,1191
memoir,1192
biography,1192
youngadult,1193
paranormal,1193
fantasy,1193
romance,1193
fiction,1194
baseball,1194
historicalfiction,1194
sports,1194
novels,1194
abandoned,1194
urbanfantasy,1195
paranormal,1195
fantasy,1195
romance,1195
paranormalromance,1195
vampires,1195
demons,1195
classics,1196
poetry,1196
fiction,1196
mythology,1196
literature,1196
fantasy,1196
school,1196
historicalfiction,1196
epic,1196
war,1196
vampires,1197
youngadult,1197
fantasy,1197
paranormal,1197
youngadult,1198
romance,1198
contemporary,1198
chicklit,1198
youngadult,1199
fiction,1199
dystopia,1199
nonfiction,1200
